INSERT INTO PERIODO (K_PERIODO, N_TIPO,D_FECHA_INICIO,D_FECHA_FIN,Q_CUPOS_NEOPANAMAX,Q_CUPOS_SUPER,Q_CUPOS_REGULAR) VALUES(1,'ESPECIAL','25-09-2017','23-09-2019',1,3,3);
INSERT INTO PERIODO (K_PERIODO, N_TIPO,D_FECHA_INICIO,D_FECHA_FIN,Q_CUPOS_NEOPANAMAX,Q_CUPOS_SUPER,Q_CUPOS_REGULAR) VALUES(2,'PERIODO 1','24-09-2019','01-09-2020',4,4,0);
INSERT INTO PERIODO (K_PERIODO, N_TIPO,D_FECHA_INICIO,D_FECHA_FIN,Q_CUPOS_NEOPANAMAX,Q_CUPOS_SUPER,Q_CUPOS_REGULAR) VALUES(3,'PERIODO 2','02-09-2020','19-09-2020',2,3,1);
INSERT INTO PERIODO (K_PERIODO, N_TIPO,D_FECHA_INICIO,D_FECHA_FIN,Q_CUPOS_NEOPANAMAX,Q_CUPOS_SUPER,Q_CUPOS_REGULAR) VALUES(4,'PERIODO 3','20-09-2020','21-09-2020',0,5,4);
INSERT INTO ESCLUSA(K_ESCLUSA,N_NOMBRE,V_ANCHO,V_LARGO,V_PROFUNDIDAD,I_DISPONIBILIDAD) VALUES(1,'GATUN',110,1000,42,'S');
INSERT INTO ESCLUSA(K_ESCLUSA,N_NOMBRE,V_ANCHO,V_LARGO,V_PROFUNDIDAD,I_DISPONIBILIDAD) VALUES(2,'PEDRO MIGUEL',110,1000,42,'S');
INSERT INTO ESCLUSA(K_ESCLUSA,N_NOMBRE,V_ANCHO,V_LARGO,V_PROFUNDIDAD,I_DISPONIBILIDAD) VALUES(3,'MIRAFLORES',110,1000,42,'S');
INSERT INTO ESCLUSA(K_ESCLUSA,N_NOMBRE,V_ANCHO,V_LARGO,V_PROFUNDIDAD,I_DISPONIBILIDAD) VALUES(4,'COCOLÍ',180,1400,60,'S');
INSERT INTO ESCLUSA(K_ESCLUSA,N_NOMBRE,V_ANCHO,V_LARGO,V_PROFUNDIDAD,I_DISPONIBILIDAD) VALUES(5,'AGUA CLARA',180,1400,60,'S');
INSERT INTO VALOR_RESERVA(K_VALOR_RESERVA,V_TAMANIO_MANGA,V_TAMANIO_ESLORA,V_VALOR) VALUES(1,0,300,2500);
INSERT INTO VALOR_RESERVA(K_VALOR_RESERVA,V_TAMANIO_MANGA,V_TAMANIO_ESLORA,V_VALOR) VALUES(2,80,300,5500);
INSERT INTO VALOR_RESERVA(K_VALOR_RESERVA,V_TAMANIO_MANGA,V_TAMANIO_ESLORA,V_VALOR) VALUES(3,91,300,10500);
INSERT INTO VALOR_RESERVA(K_VALOR_RESERVA,V_TAMANIO_MANGA,V_TAMANIO_ESLORA,V_VALOR) VALUES(4,107,300,18500);
INSERT INTO VALOR_RESERVA(K_VALOR_RESERVA,V_TAMANIO_MANGA,V_TAMANIO_ESLORA,V_VALOR) VALUES(5,107,900,25000);
INSERT INTO VALOR_RESERVA(K_VALOR_RESERVA,V_TAMANIO_MANGA,V_TAMANIO_ESLORA,V_VALOR) VALUES(6,107,966,35000);
INSERT INTO VALOR_RESERVA(K_VALOR_RESERVA,V_TAMANIO_MANGA,V_TAMANIO_ESLORA,V_VALOR) VALUES(7,107,966,35000);
INSERT INTO CLASIFICACION(K_CLASIFICACION,N_TIPO,V_ESLORA,V_MANGA) VALUES(1,'NEOPANAMAX',966,107);
INSERT INTO CLASIFICACION(K_CLASIFICACION,N_TIPO,V_ESLORA,V_MANGA) VALUES(2,'SUPER',966,107);
INSERT INTO CLASIFICACION(K_CLASIFICACION,N_TIPO,V_ESLORA,V_MANGA) VALUES(3,'REGULAR',,91);
INSERT INTO TIPO_BUQUE(K_TIPO_BUQUE,N_NOMBRE) VALUES(1,'PORTACONTENEDOR');
INSERT INTO TIPO_BUQUE(K_TIPO_BUQUE,N_NOMBRE) VALUES(2,'GLP');
INSERT INTO TIPO_BUQUE(K_TIPO_BUQUE,N_NOMBRE) VALUES(3,'GNL');
INSERT INTO TIPO_BUQUE(K_TIPO_BUQUE,N_NOMBRE) VALUES(4,'GRANELERO');
INSERT INTO TIPO_BUQUE(K_TIPO_BUQUE,N_NOMBRE) VALUES(5,'PORTAVEHICULO');
INSERT INTO TIPO_BUQUE(K_TIPO_BUQUE,N_NOMBRE) VALUES(6,'TANQUERO/PETROLERO');
INSERT INTO TIPO_BUQUE(K_TIPO_BUQUE,N_NOMBRE) VALUES(7,'PASAJEROS');
INSERT INTO TIPO_BUQUE(K_TIPO_BUQUE,N_NOMBRE) VALUES(8,'MILITAR');
INSERT INTO TIPO_BUQUE(K_TIPO_BUQUE,N_NOMBRE) VALUES(9,'CARGUERO');
INSERT INTO TRANSITO(K_TRANSITO,K_CLASIFICACION,K_TIPO_BUQUE,N_TIPO,I_RESTRINGIDO,Q_HORA) VALUES(1,1,3,'NOCTURNO','S',2200);
INSERT INTO TRANSITO(K_TRANSITO,K_CLASIFICACION,K_TIPO_BUQUE,N_TIPO,I_RESTRINGIDO,Q_HORA) VALUES(2,2,null,'NOCTURNO','S',0330);
INSERT INTO TRANSITO(K_TRANSITO,K_CLASIFICACION,K_TIPO_BUQUE,N_TIPO,I_RESTRINGIDO,Q_HORA) VALUES(3,2,null,'NOCTURNO','S',0200);
INSERT INTO TRANSITO(K_TRANSITO,K_CLASIFICACION,K_TIPO_BUQUE,N_TIPO,I_RESTRINGIDO,Q_HORA) VALUES(4,3,null,'NOCTURNO','S',0200);
INSERT INTO PAIS (K_PAIS,N_NOMBRE) VALUES(1,'COLOMBIA');
INSERT INTO PAIS (K_PAIS,N_NOMBRE) VALUES(2,'USA');
INSERT INTO PAIS (K_PAIS,N_NOMBRE) VALUES(3,'JAPON');
INSERT INTO PAIS (K_PAIS,N_NOMBRE) VALUES(4,'RUSIA');
INSERT INTO PAIS (K_PAIS,N_NOMBRE) VALUES(5,'PANAMA');
INSERT INTO PAIS (K_PAIS,N_NOMBRE) VALUES(6,'MEXICO');
INSERT INTO PAIS (K_PAIS,N_NOMBRE) VALUES(7,'INDIA');
INSERT INTO PAIS (K_PAIS,N_NOMBRE) VALUES(8,'CHINA');
INSERT INTO PAIS (K_PAIS,N_NOMBRE) VALUES(9,'INGLATERRA');
INSERT INTO PAIS (K_PAIS,N_NOMBRE) VALUES(10,'ESPAÑA');
INSERT INTO PAIS (K_PAIS,N_NOMBRE) VALUES(11,'DINAMARCA');
INSERT INTO OPERADOR(K_OPERADOR,I_TIPO_IDENTIFICACION,N_CC,N_NOMBRE1,N_NOMBRE2,N_APELLIDO1,N_APELLIDO2) VALUES(1,'CC','1233458976','JUAN',null,'RUIZ','PAEZ');
INSERT INTO OPERADOR(K_OPERADOR,I_TIPO_IDENTIFICACION,N_CC,N_NOMBRE1,N_NOMBRE2,N_APELLIDO1,N_APELLIDO2) VALUES(2,'CC','2463458674','PEPE',null,'SIERRA',null);
INSERT INTO BUQUE(K_BUQUE,K_PAIS,K_OPERADOR,K_CLASIFICACION,K_TIPO_BUQUE,N_NOMBRE,V_ESLORA,V_MANGA,V_CALADO,V_CAPACIDAD_MAXIMA_CARGA) VALUES(1,11,1,1,1,'CMA CGM Theodore Roosevelt',1200.65,158.31,46.58,14414);
INSERT INTO BUQUE(K_BUQUE,K_PAIS,K_OPERADOR,K_CLASIFICACION,K_TIPO_BUQUE,N_NOMBRE,V_ESLORA,V_MANGA,V_CALADO,V_CAPACIDAD_MAXIMA_CARGA) VALUES(2,2,2,2,8,'USS Washington',728.96,108.3,34.74,1880);
/*INSERT INTO RESERVA(K_RESERVA,K_PERIODO,K_BUQUE,K_VALOR_RESERVA,K_ESCLUSA,D_FECHA,I_ESTADO_RESERVA,I_ESTADO_PAGO,I_DIRECCION_TRANSITO,N_PUERTO_LLEGADA) VALUES(1,1,1,7,4,TO_DATE('23-09-2018 07:01','DD-MM-YYYY HH:MI'),'A','P','S','COLON');*/